acousticness,analysis_url,danceability,duration_ms,energy,id,instrumentalness,key,liveness,loudness,mode,speechiness,tempo,time_signature,track_href,type,uri,valence
0.753,https://api.spotify.com/v1/audio-analysis/224EVTFiLsdQignUFLvDeH,0.688,360960,0.62,224EVTFiLsdQignUFLvDeH,5.27e-06,11,0.158,-8.029,0,0.22,170.018,4,https://api.spotify.com/v1/tracks/224EVTFiLsdQignUFLvDeH,audio_features,spotify:track:224EVTFiLsdQignUFLvDeH,0.727
0.354,https://api.spotify.com/v1/audio-analysis/0OWcpVA83HI8Pb5DybDuoX,0.882,456940,0.777,0OWcpVA83HI8Pb5DybDuoX,0.0,5,0.135,-4.445,1,0.0504,121.985,4,https://api.spotify.com/v1/tracks/0OWcpVA83HI8Pb5DybDuoX,audio_features,spotify:track:0OWcpVA83HI8Pb5DybDuoX,0.533
0.11,https://api.spotify.com/v1/audio-analysis/5w9c2J52mkdntKOmRLeM2m,0.737,193227,0.86,5w9c2J52mkdntKOmRLeM2m,1.94e-06,8,0.0574,-2.652,0,0.0593,93.989,4,https://api.spotify.com/v1/tracks/5w9c2J52mkdntKOmRLeM2m,audio_features,spotify:track:5w9c2J52mkdntKOmRLeM2m,0.656
0.266,https://api.spotify.com/v1/audio-analysis/46lvmzK8wxAy66tjzXXSh0,0.849,264483,0.655,46lvmzK8wxAy66tjzXXSh0,0.0,8,0.0781,-2.899,1,0.106,161.966,4,https://api.spotify.com/v1/tracks/46lvmzK8wxAy66tjzXXSh0,audio_features,spotify:track:46lvmzK8wxAy66tjzXXSh0,0.76
0.602,https://api.spotify.com/v1/audio-analysis/5W83ErFkO3aKAIS1WMi6u0,0.807,258800,0.803,5W83ErFkO3aKAIS1WMi6u0,0.00853,11,0.136,-4.156,1,0.126,91.987,4,https://api.spotify.com/v1/tracks/5W83ErFkO3aKAIS1WMi6u0,audio_features,spotify:track:5W83ErFkO3aKAIS1WMi6u0,0.706
0.323,https://api.spotify.com/v1/audio-analysis/5iwz1NiezX7WWjnCgY5TH4,0.826,238200,0.773,5iwz1NiezX7WWjnCgY5TH4,0.0,11,0.143,-4.218,0,0.0524,126.899,4,https://api.spotify.com/v1/tracks/5iwz1NiezX7WWjnCgY5TH4,audio_features,spotify:track:5iwz1NiezX7WWjnCgY5TH4,0.761
0.323,https://api.spotify.com/v1/audio-analysis/6FyRXC8tJUh863JCkyWqtk,0.767,258639,0.709,6FyRXC8tJUh863JCkyWqtk,0.0,1,0.0676,-4.47,1,0.336,171.993,4,https://api.spotify.com/v1/tracks/6FyRXC8tJUh863JCkyWqtk,audio_features,spotify:track:6FyRXC8tJUh863JCkyWqtk,0.72
0.252,https://api.spotify.com/v1/audio-analysis/31UjYv5vLsDkzchJOtUMtW,0.837,184436,0.791,31UjYv5vLsDkzchJOtUMtW,1.14e-06,4,0.188,-3.157,0,0.0773,91.98,4,https://api.spotify.com/v1/tracks/31UjYv5vLsDkzchJOtUMtW,audio_features,spotify:track:31UjYv5vLsDkzchJOtUMtW,0.618
0.148,https://api.spotify.com/v1/audio-analysis/5BDP2tky8oMQJPS33frKVp,0.771,164440,0.382,5BDP2tky8oMQJPS33frKVp,0.0,1,0.104,-6.808,0,0.0514,94.931,4,https://api.spotify.com/v1/tracks/5BDP2tky8oMQJPS33frKVp,audio_features,spotify:track:5BDP2tky8oMQJPS33frKVp,0.535
0.146,https://api.spotify.com/v1/audio-analysis/0s5DNDV6LAKn2u2Ufa3VjQ,0.709,204453,0.771,0s5DNDV6LAKn2u2Ufa3VjQ,3.29e-06,7,0.249,-4.598,1,0.166,174.006,4,https://api.spotify.com/v1/tracks/0s5DNDV6LAKn2u2Ufa3VjQ,audio_features,spotify:track:0s5DNDV6LAKn2u2Ufa3VjQ,0.709
0.0361,https://api.spotify.com/v1/audio-analysis/7uH27oIt4a6cIFCA8ZPcyG,0.816,158400,0.754,7uH27oIt4a6cIFCA8ZPcyG,0.0,11,0.217,-2.75,0,0.111,99.966,4,https://api.spotify.com/v1/tracks/7uH27oIt4a6cIFCA8ZPcyG,audio_features,spotify:track:7uH27oIt4a6cIFCA8ZPcyG,0.533
0.39,https://api.spotify.com/v1/audio-analysis/2qG5sZ7Si6sdK74qLxedYM,0.882,161627,0.689,2qG5sZ7Si6sdK74qLxedYM,0.00325,6,0.0501,-4.027,1,0.124,97.963,4,https://api.spotify.com/v1/tracks/2qG5sZ7Si6sdK74qLxedYM,audio_features,spotify:track:2qG5sZ7Si6sdK74qLxedYM,0.746
0.498,https://api.spotify.com/v1/audio-analysis/5NPzbTzFxIQPaheZuPhn4f,0.864,215963,0.426,5NPzbTzFxIQPaheZuPhn4f,0.000228,7,0.145,-8.392,0,0.0561,129.954,4,https://api.spotify.com/v1/tracks/5NPzbTzFxIQPaheZuPhn4f,audio_features,spotify:track:5NPzbTzFxIQPaheZuPhn4f,0.477
0.241,https://api.spotify.com/v1/audio-analysis/6v0lAdFF4haL8xjBIUjtOw,0.673,201818,0.752,6v0lAdFF4haL8xjBIUjtOw,4.51e-05,2,0.0813,-3.572,0,0.0561,175.997,4,https://api.spotify.com/v1/tracks/6v0lAdFF4haL8xjBIUjtOw,audio_features,spotify:track:6v0lAdFF4haL8xjBIUjtOw,0.797
0.286,https://api.spotify.com/v1/audio-analysis/1Kjer1JoWuJGNwGV6Pbgv1,0.649,202040,0.502,1Kjer1JoWuJGNwGV6Pbgv1,0.0,5,0.166,-4.368,1,0.0437,87.0,3,https://api.spotify.com/v1/tracks/1Kjer1JoWuJGNwGV6Pbgv1,audio_features,spotify:track:1Kjer1JoWuJGNwGV6Pbgv1,0.695
0.437,https://api.spotify.com/v1/audio-analysis/1LiN0Z98FkR1t0m8KmLcAH,0.79,190005,0.631,1LiN0Z98FkR1t0m8KmLcAH,0.0,8,0.158,-5.549,0,0.0425,94.039,4,https://api.spotify.com/v1/tracks/1LiN0Z98FkR1t0m8KmLcAH,audio_features,spotify:track:1LiN0Z98FkR1t0m8KmLcAH,0.889
0.42,https://api.spotify.com/v1/audio-analysis/3dLiBBKbeUIhzGNeuo5JGS,0.641,244771,0.652,3dLiBBKbeUIhzGNeuo5JGS,1.74e-06,8,0.094,-8.575,0,0.264,175.022,4,https://api.spotify.com/v1/tracks/3dLiBBKbeUIhzGNeuo5JGS,audio_features,spotify:track:3dLiBBKbeUIhzGNeuo5JGS,0.406
0.0446,https://api.spotify.com/v1/audio-analysis/059bcIhyc2SBwm6sw2AZzd,0.877,231848,0.777,059bcIhyc2SBwm6sw2AZzd,3.46e-05,1,0.0863,-4.246,1,0.117,102.02,4,https://api.spotify.com/v1/tracks/059bcIhyc2SBwm6sw2AZzd,audio_features,spotify:track:059bcIhyc2SBwm6sw2AZzd,0.706
0.291,https://api.spotify.com/v1/audio-analysis/6MJUCumnQsQEKbCy28tbCP,0.788,207853,0.771,6MJUCumnQsQEKbCy28tbCP,5.62e-05,4,0.172,-3.206,0,0.0563,99.038,4,https://api.spotify.com/v1/tracks/6MJUCumnQsQEKbCy28tbCP,audio_features,spotify:track:6MJUCumnQsQEKbCy28tbCP,0.701
0.391,https://api.spotify.com/v1/audio-analysis/4lzxJ4jCuFDXXGkE1LmpKR,0.857,267500,0.647,4lzxJ4jCuFDXXGkE1LmpKR,1.2e-06,11,0.0842,-4.152,0,0.0984,95.982,4,https://api.spotify.com/v1/tracks/4lzxJ4jCuFDXXGkE1LmpKR,audio_features,spotify:track:4lzxJ4jCuFDXXGkE1LmpKR,0.553
0.0165,https://api.spotify.com/v1/audio-analysis/2D3z17LBMJ2HEHeBFFjTLi,0.747,158800,0.74,2D3z17LBMJ2HEHeBFFjTLi,9.94e-05,4,0.101,-4.325,0,0.191,176.059,4,https://api.spotify.com/v1/tracks/2D3z17LBMJ2HEHeBFFjTLi,audio_features,spotify:track:2D3z17LBMJ2HEHeBFFjTLi,0.552
0.113,https://api.spotify.com/v1/audio-analysis/3g4UyIcQwutiG0TfW32GnX,0.805,219302,0.671,3g4UyIcQwutiG0TfW32GnX,0.0,5,0.278,-5.316,1,0.111,90.979,4,https://api.spotify.com/v1/tracks/3g4UyIcQwutiG0TfW32GnX,audio_features,spotify:track:3g4UyIcQwutiG0TfW32GnX,0.522
0.0141,https://api.spotify.com/v1/audio-analysis/116H0KvKr2Zl4RPuVBruDO,0.817,210368,0.539,116H0KvKr2Zl4RPuVBruDO,0.000496,6,0.099,-6.349,0,0.0621,97.062,4,https://api.spotify.com/v1/tracks/116H0KvKr2Zl4RPuVBruDO,audio_features,spotify:track:116H0KvKr2Zl4RPuVBruDO,0.158
0.592,https://api.spotify.com/v1/audio-analysis/6ocbgoVGwYJhOv1GgI9NsF,0.778,178627,0.317,6ocbgoVGwYJhOv1GgI9NsF,0.0,1,0.0881,-10.732,0,0.334,140.048,4,https://api.spotify.com/v1/tracks/6ocbgoVGwYJhOv1GgI9NsF,audio_features,spotify:track:6ocbgoVGwYJhOv1GgI9NsF,0.327
0.175,https://api.spotify.com/v1/audio-analysis/04cd1MHVq1D8v1nuTZoCdv,0.823,186316,0.731,04cd1MHVq1D8v1nuTZoCdv,0.0,11,0.131,-3.399,0,0.103,152.024,4,https://api.spotify.com/v1/tracks/04cd1MHVq1D8v1nuTZoCdv,audio_features,spotify:track:04cd1MHVq1D8v1nuTZoCdv,0.952
0.308,https://api.spotify.com/v1/audio-analysis/2Fxmhks0bxGSBdJ92vM42m,0.708,194088,0.418,2Fxmhks0bxGSBdJ92vM42m,0.093,0,0.1,-10.998,1,0.368,131.926,4,https://api.spotify.com/v1/tracks/2Fxmhks0bxGSBdJ92vM42m,audio_features,spotify:track:2Fxmhks0bxGSBdJ92vM42m,0.578
0.383,https://api.spotify.com/v1/audio-analysis/7kuRvjpeUcn6qNV9IBXC2C,0.73,304859,0.648,7kuRvjpeUcn6qNV9IBXC2C,0.000112,1,0.103,-6.405,0,0.378,187.991,4,https://api.spotify.com/v1/tracks/7kuRvjpeUcn6qNV9IBXC2C,audio_features,spotify:track:7kuRvjpeUcn6qNV9IBXC2C,0.675
0.307,https://api.spotify.com/v1/audio-analysis/2XXMDz7SPZ4mSFN1PXfHUy,0.772,254383,0.732,2XXMDz7SPZ4mSFN1PXfHUy,5.14e-06,9,0.106,-3.713,0,0.213,100.048,4,https://api.spotify.com/v1/tracks/2XXMDz7SPZ4mSFN1PXfHUy,audio_features,spotify:track:2XXMDz7SPZ4mSFN1PXfHUy,0.295
0.327,https://api.spotify.com/v1/audio-analysis/2IA8cFA46DkjgbsRG7kKbp,0.7,235973,0.71,2IA8cFA46DkjgbsRG7kKbp,0.0,11,0.129,-4.835,1,0.0532,167.971,4,https://api.spotify.com/v1/tracks/2IA8cFA46DkjgbsRG7kKbp,audio_features,spotify:track:2IA8cFA46DkjgbsRG7kKbp,0.582
0.154,https://api.spotify.com/v1/audio-analysis/1mT47pKLXUwPYGwB91GcNz,0.715,212493,0.872,1mT47pKLXUwPYGwB91GcNz,0.000146,6,0.11,-3.501,1,0.0547,96.939,4,https://api.spotify.com/v1/tracks/1mT47pKLXUwPYGwB91GcNz,audio_features,spotify:track:1mT47pKLXUwPYGwB91GcNz,0.682
0.214,https://api.spotify.com/v1/audio-analysis/22sESxzbY1O1E19xjOTaYf,0.531,177787,0.752,22sESxzbY1O1E19xjOTaYf,0.0,9,0.145,-3.33,0,0.2,192.443,4,https://api.spotify.com/v1/tracks/22sESxzbY1O1E19xjOTaYf,audio_features,spotify:track:22sESxzbY1O1E19xjOTaYf,0.884
0.265,https://api.spotify.com/v1/audio-analysis/3f5lA8nnc4YYF1qf78WpHw,0.75,219357,0.665,3f5lA8nnc4YYF1qf78WpHw,0.0,8,0.0515,-3.083,1,0.124,95.239,4,https://api.spotify.com/v1/tracks/3f5lA8nnc4YYF1qf78WpHw,audio_features,spotify:track:3f5lA8nnc4YYF1qf78WpHw,0.697
0.371,https://api.spotify.com/v1/audio-analysis/2VxeLyX666F8uXCJ0dZF8B,0.572,215733,0.385,2VxeLyX666F8uXCJ0dZF8B,0.0,7,0.231,-6.362,1,0.0308,95.799,4,https://api.spotify.com/v1/tracks/2VxeLyX666F8uXCJ0dZF8B,audio_features,spotify:track:2VxeLyX666F8uXCJ0dZF8B,0.323
0.363,https://api.spotify.com/v1/audio-analysis/1DcxnVNFAyVl2sDQ646pXS,0.786,129040,0.65,1DcxnVNFAyVl2sDQ646pXS,8.17e-05,4,0.122,-6.839,1,0.109,92.975,4,https://api.spotify.com/v1/tracks/1DcxnVNFAyVl2sDQ646pXS,audio_features,spotify:track:1DcxnVNFAyVl2sDQ646pXS,0.712
0.279,https://api.spotify.com/v1/audio-analysis/6cLWKCBNawunqBHmyzdG7v,0.7,234950,0.652,6cLWKCBNawunqBHmyzdG7v,0.0,2,0.123,-9.327,1,0.0885,85.034,4,https://api.spotify.com/v1/tracks/6cLWKCBNawunqBHmyzdG7v,audio_features,spotify:track:6cLWKCBNawunqBHmyzdG7v,0.411
0.184,https://api.spotify.com/v1/audio-analysis/7BuHdm4lQqcyG3qTwdkxus,0.8,226200,0.74,7BuHdm4lQqcyG3qTwdkxus,0.0,10,0.0558,-4.52,0,0.0479,90.035,4,https://api.spotify.com/v1/tracks/7BuHdm4lQqcyG3qTwdkxus,audio_features,spotify:track:7BuHdm4lQqcyG3qTwdkxus,0.775
0.0156,https://api.spotify.com/v1/audio-analysis/3JjaofJ0lCeEsFSZqppzOp,0.828,224681,0.588,3JjaofJ0lCeEsFSZqppzOp,0.0,2,0.124,-7.14,1,0.118,94.052,4,https://api.spotify.com/v1/tracks/3JjaofJ0lCeEsFSZqppzOp,audio_features,spotify:track:3JjaofJ0lCeEsFSZqppzOp,0.598
0.127,https://api.spotify.com/v1/audio-analysis/4cuGZb0iFyHtwaSKdKrJkF,0.783,164533,0.738,4cuGZb0iFyHtwaSKdKrJkF,0.0,11,0.127,-4.078,1,0.0741,90.976,4,https://api.spotify.com/v1/tracks/4cuGZb0iFyHtwaSKdKrJkF,audio_features,spotify:track:4cuGZb0iFyHtwaSKdKrJkF,0.925
0.0902,https://api.spotify.com/v1/audio-analysis/3aozFlnbP7zhcJKi9O0FUz,0.82,229415,0.741,3aozFlnbP7zhcJKi9O0FUz,0.0,2,0.135,-9.159,1,0.122,127.967,4,https://api.spotify.com/v1/tracks/3aozFlnbP7zhcJKi9O0FUz,audio_features,spotify:track:3aozFlnbP7zhcJKi9O0FUz,0.429
0.616,https://api.spotify.com/v1/audio-analysis/7dNwJbsT0sg1le5kVugGJb,0.8,228493,0.355,7dNwJbsT0sg1le5kVugGJb,0.0,6,0.118,-10.47,0,0.0895,145.929,4,https://api.spotify.com/v1/tracks/7dNwJbsT0sg1le5kVugGJb,audio_features,spotify:track:7dNwJbsT0sg1le5kVugGJb,0.253
0.0481,https://api.spotify.com/v1/audio-analysis/2zDj4WjbNDmrRL6Z4YjjCA,0.686,227476,0.807,2zDj4WjbNDmrRL6Z4YjjCA,0.0,1,0.0652,-3.324,1,0.0613,183.971,4,https://api.spotify.com/v1/tracks/2zDj4WjbNDmrRL6Z4YjjCA,audio_features,spotify:track:2zDj4WjbNDmrRL6Z4YjjCA,0.63
0.048,https://api.spotify.com/v1/audio-analysis/7uQmJ1jgNzBpATSoWKSPFu,0.632,198933,0.832,7uQmJ1jgNzBpATSoWKSPFu,0.0,7,0.0705,-1.948,0,0.154,182.184,4,https://api.spotify.com/v1/tracks/7uQmJ1jgNzBpATSoWKSPFu,audio_features,spotify:track:7uQmJ1jgNzBpATSoWKSPFu,0.784
0.374,https://api.spotify.com/v1/audio-analysis/5KbBGUpIZd6gVFUU8tqYiQ,0.83,237013,0.71,5KbBGUpIZd6gVFUU8tqYiQ,0.0,11,0.0877,-5.523,0,0.326,93.977,4,https://api.spotify.com/v1/tracks/5KbBGUpIZd6gVFUU8tqYiQ,audio_features,spotify:track:5KbBGUpIZd6gVFUU8tqYiQ,0.703
0.556,https://api.spotify.com/v1/audio-analysis/278kSqsZIiYp8p3QjYAqa8,0.826,236216,0.449,278kSqsZIiYp8p3QjYAqa8,1.85e-05,5,0.273,-8.33,0,0.0674,128.028,4,https://api.spotify.com/v1/tracks/278kSqsZIiYp8p3QjYAqa8,audio_features,spotify:track:278kSqsZIiYp8p3QjYAqa8,0.337
0.19,https://api.spotify.com/v1/audio-analysis/08aYFNUTIOMGq93e2VSArQ,0.77,225600,0.75,08aYFNUTIOMGq93e2VSArQ,0.0,0,0.0618,-2.715,1,0.0785,99.997,4,https://api.spotify.com/v1/tracks/08aYFNUTIOMGq93e2VSArQ,audio_features,spotify:track:08aYFNUTIOMGq93e2VSArQ,0.609
0.00476,https://api.spotify.com/v1/audio-analysis/42NACeANuRucHuCOFL5umq,0.702,210035,0.586,42NACeANuRucHuCOFL5umq,0.000155,5,0.0925,-6.689,0,0.0415,159.975,4,https://api.spotify.com/v1/tracks/42NACeANuRucHuCOFL5umq,audio_features,spotify:track:42NACeANuRucHuCOFL5umq,0.546
0.446,https://api.spotify.com/v1/audio-analysis/4T4CZ3Q4z3GG7lU720YYhM,0.778,213913,0.731,4T4CZ3Q4z3GG7lU720YYhM,0.0,5,0.251,-4.325,1,0.0399,91.991,4,https://api.spotify.com/v1/tracks/4T4CZ3Q4z3GG7lU720YYhM,audio_features,spotify:track:4T4CZ3Q4z3GG7lU720YYhM,0.854
0.108,https://api.spotify.com/v1/audio-analysis/43Q1jBoHh3pQkh3Oy7TA1g,0.784,204989,0.761,43Q1jBoHh3pQkh3Oy7TA1g,5.05e-05,10,0.05,-4.253,0,0.0343,105.005,4,https://api.spotify.com/v1/tracks/43Q1jBoHh3pQkh3Oy7TA1g,audio_features,spotify:track:43Q1jBoHh3pQkh3Oy7TA1g,0.385
0.323,https://api.spotify.com/v1/audio-analysis/3CACzG9I3AoKUKA3ODE5zW,0.419,238528,0.809,3CACzG9I3AoKUKA3ODE5zW,0.0,11,0.699,-4.596,1,0.0357,88.418,4,https://api.spotify.com/v1/tracks/3CACzG9I3AoKUKA3ODE5zW,audio_features,spotify:track:3CACzG9I3AoKUKA3ODE5zW,0.635
0.172,https://api.spotify.com/v1/audio-analysis/4KkUjFkcQvGvWekl8RATDn,0.635,217822,0.902,4KkUjFkcQvGvWekl8RATDn,0.0,0,0.125,-3.559,1,0.109,102.063,4,https://api.spotify.com/v1/tracks/4KkUjFkcQvGvWekl8RATDn,audio_features,spotify:track:4KkUjFkcQvGvWekl8RATDn,0.286
0.014,https://api.spotify.com/v1/audio-analysis/4zTYhNBl52voAdVMfdKXty,0.755,205035,0.478,4zTYhNBl52voAdVMfdKXty,6.84e-05,11,0.109,-9.753,0,0.0511,117.003,4,https://api.spotify.com/v1/tracks/4zTYhNBl52voAdVMfdKXty,audio_features,spotify:track:4zTYhNBl52voAdVMfdKXty,0.659
0.153,https://api.spotify.com/v1/audio-analysis/4w8niZpiMy6qz1mntFA5uM,0.841,212500,0.798,4w8niZpiMy6qz1mntFA5uM,3.33e-06,1,0.0618,-4.206,0,0.229,95.948,4,https://api.spotify.com/v1/tracks/4w8niZpiMy6qz1mntFA5uM,audio_features,spotify:track:4w8niZpiMy6qz1mntFA5uM,0.591
0.0441,https://api.spotify.com/v1/audio-analysis/2ktoFujjJtantyMoVdBJlX,0.724,256418,0.791,2ktoFujjJtantyMoVdBJlX,6.55e-06,7,0.239,-5.411,1,0.169,176.011,4,https://api.spotify.com/v1/tracks/2ktoFujjJtantyMoVdBJlX,audio_features,spotify:track:2ktoFujjJtantyMoVdBJlX,0.856
0.483,https://api.spotify.com/v1/audio-analysis/675w3ACw5xZR3ODhUJlEVN,0.704,195044,0.706,675w3ACw5xZR3ODhUJlEVN,0.0,11,0.0965,-5.233,0,0.111,92.965,4,https://api.spotify.com/v1/tracks/675w3ACw5xZR3ODhUJlEVN,audio_features,spotify:track:675w3ACw5xZR3ODhUJlEVN,0.856
0.216,https://api.spotify.com/v1/audio-analysis/7zAGi1cps7yYhAajGXlFTH,0.84,221214,0.596,7zAGi1cps7yYhAajGXlFTH,0.0,6,0.0897,-4.319,0,0.0918,139.937,4,https://api.spotify.com/v1/tracks/7zAGi1cps7yYhAajGXlFTH,audio_features,spotify:track:7zAGi1cps7yYhAajGXlFTH,0.71
0.0874,https://api.spotify.com/v1/audio-analysis/4OocfNloIRk77ncIKBdYwb,0.615,194092,0.471,4OocfNloIRk77ncIKBdYwb,0.0,8,0.101,-7.345,0,0.175,79.983,4,https://api.spotify.com/v1/tracks/4OocfNloIRk77ncIKBdYwb,audio_features,spotify:track:4OocfNloIRk77ncIKBdYwb,0.354
0.752,https://api.spotify.com/v1/audio-analysis/4SSnFejRGlZikf02HLewEF,0.888,193143,0.395,4SSnFejRGlZikf02HLewEF,0.14,8,0.106,-14.645,1,0.324,120.058,4,https://api.spotify.com/v1/tracks/4SSnFejRGlZikf02HLewEF,audio_features,spotify:track:4SSnFejRGlZikf02HLewEF,0.162
0.314,https://api.spotify.com/v1/audio-analysis/4pUCKHjJ4Ijewc37rRrvHn,0.755,189052,0.858,4pUCKHjJ4Ijewc37rRrvHn,0.00318,2,0.301,-4.119,1,0.198,132.082,4,https://api.spotify.com/v1/tracks/4pUCKHjJ4Ijewc37rRrvHn,audio_features,spotify:track:4pUCKHjJ4Ijewc37rRrvHn,0.57
0.504,https://api.spotify.com/v1/audio-analysis/4AKWHLChPxYdXAB2cHmZB7,0.758,208000,0.699,4AKWHLChPxYdXAB2cHmZB7,0.0,6,0.0922,-5.636,1,0.171,90.013,4,https://api.spotify.com/v1/tracks/4AKWHLChPxYdXAB2cHmZB7,audio_features,spotify:track:4AKWHLChPxYdXAB2cHmZB7,0.594
0.287,https://api.spotify.com/v1/audio-analysis/3jOn1ZdPldABfKQY4JBhov,0.803,214600,0.749,3jOn1ZdPldABfKQY4JBhov,0.0,4,0.369,-4.358,1,0.143,93.005,4,https://api.spotify.com/v1/tracks/3jOn1ZdPldABfKQY4JBhov,audio_features,spotify:track:3jOn1ZdPldABfKQY4JBhov,0.67
0.657,https://api.spotify.com/v1/audio-analysis/3T5QSIgoaPIh07SwixRDp7,0.618,273198,0.743,3T5QSIgoaPIh07SwixRDp7,5.95e-06,6,0.143,-2.576,0,0.141,180.021,4,https://api.spotify.com/v1/tracks/3T5QSIgoaPIh07SwixRDp7,audio_features,spotify:track:3T5QSIgoaPIh07SwixRDp7,0.589
0.0626,https://api.spotify.com/v1/audio-analysis/35wvL50xvKpCHEJPxLOLPI,0.672,169248,0.594,35wvL50xvKpCHEJPxLOLPI,5.14e-05,1,0.152,-6.813,0,0.0789,171.854,4,https://api.spotify.com/v1/tracks/35wvL50xvKpCHEJPxLOLPI,audio_features,spotify:track:35wvL50xvKpCHEJPxLOLPI,0.158
0.315,https://api.spotify.com/v1/audio-analysis/48zFZh27QU5qsrBjn4C2FA,0.754,176133,0.805,48zFZh27QU5qsrBjn4C2FA,0.0,6,0.203,-4.249,1,0.0752,93.983,4,https://api.spotify.com/v1/tracks/48zFZh27QU5qsrBjn4C2FA,audio_features,spotify:track:48zFZh27QU5qsrBjn4C2FA,0.555
0.206,https://api.spotify.com/v1/audio-analysis/5NrIX1ozc9LGt19ISgPDIY,0.672,183960,0.83,5NrIX1ozc9LGt19ISgPDIY,0.0,2,0.0751,-4.028,1,0.0599,172.104,4,https://api.spotify.com/v1/tracks/5NrIX1ozc9LGt19ISgPDIY,audio_features,spotify:track:5NrIX1ozc9LGt19ISgPDIY,0.774
0.0427,https://api.spotify.com/v1/audio-analysis/4y3OI86AEP6PQoDE6olYhO,0.842,181040,0.734,4y3OI86AEP6PQoDE6olYhO,0.0,1,0.106,-5.065,0,0.0588,137.958,4,https://api.spotify.com/v1/tracks/4y3OI86AEP6PQoDE6olYhO,audio_features,spotify:track:4y3OI86AEP6PQoDE6olYhO,0.952
0.589,https://api.spotify.com/v1/audio-analysis/59PYgzOiOjGDzjDT5N5oOX,0.825,327467,0.69,59PYgzOiOjGDzjDT5N5oOX,0.0,10,0.413,-4.252,0,0.226,94.194,4,https://api.spotify.com/v1/tracks/59PYgzOiOjGDzjDT5N5oOX,audio_features,spotify:track:59PYgzOiOjGDzjDT5N5oOX,0.516
0.389,https://api.spotify.com/v1/audio-analysis/3Fj47GNK2kUF0uaEDgXLaD,0.85,221543,0.353,3Fj47GNK2kUF0uaEDgXLaD,6.68e-06,7,0.8,-10.267,1,0.334,118.071,4,https://api.spotify.com/v1/tracks/3Fj47GNK2kUF0uaEDgXLaD,audio_features,spotify:track:3Fj47GNK2kUF0uaEDgXLaD,0.329
0.477,https://api.spotify.com/v1/audio-analysis/4qajjURlmtTy1dRrZ3qowl,0.716,190253,0.562,4qajjURlmtTy1dRrZ3qowl,0.0,5,0.0649,-6.739,0,0.0641,127.053,4,https://api.spotify.com/v1/tracks/4qajjURlmtTy1dRrZ3qowl,audio_features,spotify:track:4qajjURlmtTy1dRrZ3qowl,0.58
0.248,https://api.spotify.com/v1/audio-analysis/2pfV8fZZdLRsZYatVGKlUq,0.87,176018,0.542,2pfV8fZZdLRsZYatVGKlUq,7.74e-05,2,0.112,-6.959,1,0.0397,105.03,4,https://api.spotify.com/v1/tracks/2pfV8fZZdLRsZYatVGKlUq,audio_features,spotify:track:2pfV8fZZdLRsZYatVGKlUq,0.323
0.279,https://api.spotify.com/v1/audio-analysis/6q8Lb50EtqNeeJXXe8mMAH,0.728,226627,0.801,6q8Lb50EtqNeeJXXe8mMAH,4.71e-06,8,0.143,-2.942,0,0.0683,130.059,4,https://api.spotify.com/v1/tracks/6q8Lb50EtqNeeJXXe8mMAH,audio_features,spotify:track:6q8Lb50EtqNeeJXXe8mMAH,0.416
0.271,https://api.spotify.com/v1/audio-analysis/4u7EnebtmKWzUH433cf5Qv,0.414,354320,0.404,4u7EnebtmKWzUH433cf5Qv,0.0,0,0.3,-9.928,0,0.0499,71.105,4,https://api.spotify.com/v1/tracks/4u7EnebtmKWzUH433cf5Qv,audio_features,spotify:track:4u7EnebtmKWzUH433cf5Qv,0.224
0.204,https://api.spotify.com/v1/audio-analysis/5RLBZePs33aN2F8uCzcSeo,0.708,177347,0.78,5RLBZePs33aN2F8uCzcSeo,0.0,4,0.17,-4.403,0,0.189,169.705,4,https://api.spotify.com/v1/tracks/5RLBZePs33aN2F8uCzcSeo,audio_features,spotify:track:5RLBZePs33aN2F8uCzcSeo,0.601
0.18,https://api.spotify.com/v1/audio-analysis/6JqpFboOH2bq9pzaYbkKBn,0.764,187200,0.752,6JqpFboOH2bq9pzaYbkKBn,0.0,8,0.0701,-3.713,0,0.0711,100.066,4,https://api.spotify.com/v1/tracks/6JqpFboOH2bq9pzaYbkKBn,audio_features,spotify:track:6JqpFboOH2bq9pzaYbkKBn,0.698
0.287,https://api.spotify.com/v1/audio-analysis/4uP3pUP18ennmz0tb3GphR,0.743,197968,0.73,4uP3pUP18ennmz0tb3GphR,8.1e-05,10,0.0778,-4.314,0,0.125,179.972,4,https://api.spotify.com/v1/tracks/4uP3pUP18ennmz0tb3GphR,audio_features,spotify:track:4uP3pUP18ennmz0tb3GphR,0.15
0.189,https://api.spotify.com/v1/audio-analysis/2O0WiTabKj4e5CdY1mIFe4,0.754,198377,0.77,2O0WiTabKj4e5CdY1mIFe4,2.36e-06,9,0.0945,-5.129,0,0.0665,92.004,4,https://api.spotify.com/v1/tracks/2O0WiTabKj4e5CdY1mIFe4,audio_features,spotify:track:2O0WiTabKj4e5CdY1mIFe4,0.513
0.978,https://api.spotify.com/v1/audio-analysis/43zdsphuZLzwA9k4DJhU0I,0.454,196077,0.111,43zdsphuZLzwA9k4DJhU0I,5.89e-05,4,0.0898,-14.038,1,0.0635,124.155,3,https://api.spotify.com/v1/tracks/43zdsphuZLzwA9k4DJhU0I,audio_features,spotify:track:43zdsphuZLzwA9k4DJhU0I,0.187
0.202,https://api.spotify.com/v1/audio-analysis/3trowLiYwwOoiwapLISNyk,0.302,239760,0.758,3trowLiYwwOoiwapLISNyk,0.0,5,0.881,-5.273,1,0.0424,174.704,4,https://api.spotify.com/v1/tracks/3trowLiYwwOoiwapLISNyk,audio_features,spotify:track:3trowLiYwwOoiwapLISNyk,0.669
0.113,https://api.spotify.com/v1/audio-analysis/2QnK6yqqcI4Q25DGlDNc9Y,0.945,128880,0.565,2QnK6yqqcI4Q25DGlDNc9Y,6.92e-06,2,0.0686,-6.194,1,0.159,119.938,4,https://api.spotify.com/v1/tracks/2QnK6yqqcI4Q25DGlDNc9Y,audio_features,spotify:track:2QnK6yqqcI4Q25DGlDNc9Y,0.509
0.354,https://api.spotify.com/v1/audio-analysis/2ijef6ni2amuunRoKTlgww,0.791,188560,0.745,2ijef6ni2amuunRoKTlgww,2.93e-05,11,0.104,-3.695,0,0.0464,94.014,4,https://api.spotify.com/v1/tracks/2ijef6ni2amuunRoKTlgww,audio_features,spotify:track:2ijef6ni2amuunRoKTlgww,0.82
0.028,https://api.spotify.com/v1/audio-analysis/3mN2DtljBhnrIpc3Nu2pJ8,0.755,202824,0.792,3mN2DtljBhnrIpc3Nu2pJ8,0.0,6,0.0754,-4.238,1,0.0484,106.014,4,https://api.spotify.com/v1/tracks/3mN2DtljBhnrIpc3Nu2pJ8,audio_features,spotify:track:3mN2DtljBhnrIpc3Nu2pJ8,0.844
0.229,https://api.spotify.com/v1/audio-analysis/3e9HZxeyfWwjeyPAMmWSSQ,0.717,207320,0.653,3e9HZxeyfWwjeyPAMmWSSQ,0.0,1,0.101,-5.634,1,0.0658,106.966,4,https://api.spotify.com/v1/tracks/3e9HZxeyfWwjeyPAMmWSSQ,audio_features,spotify:track:3e9HZxeyfWwjeyPAMmWSSQ,0.412
0.0421,https://api.spotify.com/v1/audio-analysis/4kV4N9D1iKVxx1KLvtTpjS,0.726,190440,0.554,4kV4N9D1iKVxx1KLvtTpjS,0.0,5,0.106,-5.29,0,0.0917,169.999,4,https://api.spotify.com/v1/tracks/4kV4N9D1iKVxx1KLvtTpjS,audio_features,spotify:track:4kV4N9D1iKVxx1KLvtTpjS,0.335
0.03,https://api.spotify.com/v1/audio-analysis/70c9sdkTnDiehSDOCxCnDc,0.568,207400,0.707,70c9sdkTnDiehSDOCxCnDc,0.0,7,0.0667,-5.291,0,0.107,165.97,4,https://api.spotify.com/v1/tracks/70c9sdkTnDiehSDOCxCnDc,audio_features,spotify:track:70c9sdkTnDiehSDOCxCnDc,0.409
0.161,https://api.spotify.com/v1/audio-analysis/5qFeMRz4TvetPmzjre9Dq7,0.684,250840,0.811,5qFeMRz4TvetPmzjre9Dq7,0.000363,7,0.0871,-4.494,1,0.0714,87.866,4,https://api.spotify.com/v1/tracks/5qFeMRz4TvetPmzjre9Dq7,audio_features,spotify:track:5qFeMRz4TvetPmzjre9Dq7,0.721
0.401,https://api.spotify.com/v1/audio-analysis/5VsHkOtg0Llpa6mTGZhp5e,0.717,240442,0.685,5VsHkOtg0Llpa6mTGZhp5e,0.0,7,0.199,-3.181,1,0.0414,139.965,4,https://api.spotify.com/v1/tracks/5VsHkOtg0Llpa6mTGZhp5e,audio_features,spotify:track:5VsHkOtg0Llpa6mTGZhp5e,0.432
0.178,https://api.spotify.com/v1/audio-analysis/2aMVyJSuDFFL1sTjJnvk7X,0.762,228875,0.631,2aMVyJSuDFFL1sTjJnvk7X,0.0,6,0.146,-4.837,1,0.0544,118.969,4,https://api.spotify.com/v1/tracks/2aMVyJSuDFFL1sTjJnvk7X,audio_features,spotify:track:2aMVyJSuDFFL1sTjJnvk7X,0.379
0.19,https://api.spotify.com/v1/audio-analysis/2VRVV7cvAGPJ2EBU4FIVCz,0.679,228760,0.617,2VRVV7cvAGPJ2EBU4FIVCz,0.0,0,0.0798,-5.328,1,0.12,189.993,4,https://api.spotify.com/v1/tracks/2VRVV7cvAGPJ2EBU4FIVCz,audio_features,spotify:track:2VRVV7cvAGPJ2EBU4FIVCz,0.665
0.627,https://api.spotify.com/v1/audio-analysis/6it15CsDlkqB7N4lF0C1qM,0.651,229456,0.575,6it15CsDlkqB7N4lF0C1qM,0.000202,0,0.0961,-7.739,1,0.299,160.007,4,https://api.spotify.com/v1/tracks/6it15CsDlkqB7N4lF0C1qM,audio_features,spotify:track:6it15CsDlkqB7N4lF0C1qM,0.248
0.188,https://api.spotify.com/v1/audio-analysis/2YRvdf9cdS88y1wB1WhKoE,0.796,204631,0.911,2YRvdf9cdS88y1wB1WhKoE,0.0,1,0.499,-1.998,1,0.285,180.128,4,https://api.spotify.com/v1/tracks/2YRvdf9cdS88y1wB1WhKoE,audio_features,spotify:track:2YRvdf9cdS88y1wB1WhKoE,0.918
0.542,https://api.spotify.com/v1/audio-analysis/3V8UKqhEK5zBkBb6d6ub8i,0.903,417920,0.675,3V8UKqhEK5zBkBb6d6ub8i,1.28e-05,11,0.0595,-3.445,0,0.214,96.507,4,https://api.spotify.com/v1/tracks/3V8UKqhEK5zBkBb6d6ub8i,audio_features,spotify:track:3V8UKqhEK5zBkBb6d6ub8i,0.442
0.0204,https://api.spotify.com/v1/audio-analysis/2RVrdr062uLFxXwIxwdXPH,0.849,201122,0.724,2RVrdr062uLFxXwIxwdXPH,5.98e-06,5,0.235,-4.139,1,0.0665,98.005,4,https://api.spotify.com/v1/tracks/2RVrdr062uLFxXwIxwdXPH,audio_features,spotify:track:2RVrdr062uLFxXwIxwdXPH,0.63
0.581,https://api.spotify.com/v1/audio-analysis/7qiZfU4dY1lWllzX7mPBI3,0.825,233713,0.652,7qiZfU4dY1lWllzX7mPBI3,0.0,1,0.0931,-3.183,0,0.0802,95.977,4,https://api.spotify.com/v1/tracks/7qiZfU4dY1lWllzX7mPBI3,audio_features,spotify:track:7qiZfU4dY1lWllzX7mPBI3,0.931
0.424,https://api.spotify.com/v1/audio-analysis/1uARbfg2RXPtyr6sqVQUif,0.776,216917,0.587,1uARbfg2RXPtyr6sqVQUif,1.04e-06,8,0.201,-7.004,0,0.0604,140.029,4,https://api.spotify.com/v1/tracks/1uARbfg2RXPtyr6sqVQUif,audio_features,spotify:track:1uARbfg2RXPtyr6sqVQUif,0.652
0.303,https://api.spotify.com/v1/audio-analysis/4CbANooTL2aTHzJZqQ0Uvk,0.79,192000,0.858,4CbANooTL2aTHzJZqQ0Uvk,0.0,2,0.61,-2.78,1,0.0471,92.05,4,https://api.spotify.com/v1/tracks/4CbANooTL2aTHzJZqQ0Uvk,audio_features,spotify:track:4CbANooTL2aTHzJZqQ0Uvk,0.79
0.404,https://api.spotify.com/v1/audio-analysis/1WSGTYKLEpKfNQYYW5Oymt,0.541,158027,0.468,1WSGTYKLEpKfNQYYW5Oymt,3.65e-06,10,0.358,-4.039,0,0.362,95.266,4,https://api.spotify.com/v1/tracks/1WSGTYKLEpKfNQYYW5Oymt,audio_features,spotify:track:1WSGTYKLEpKfNQYYW5Oymt,0.69
0.861,https://api.spotify.com/v1/audio-analysis/3IPJg1sdqLj12kFIndaonN,0.695,199733,0.379,3IPJg1sdqLj12kFIndaonN,0.0,6,0.106,-9.096,1,0.0339,105.108,4,https://api.spotify.com/v1/tracks/3IPJg1sdqLj12kFIndaonN,audio_features,spotify:track:3IPJg1sdqLj12kFIndaonN,0.808
0.45,https://api.spotify.com/v1/audio-analysis/6Qs4SXO9dwPj5GKvVOv8Ki,0.741,171030,0.52,6Qs4SXO9dwPj5GKvVOv8Ki,1.97e-06,8,0.222,-7.513,1,0.0656,102.998,4,https://api.spotify.com/v1/tracks/6Qs4SXO9dwPj5GKvVOv8Ki,audio_features,spotify:track:6Qs4SXO9dwPj5GKvVOv8Ki,0.347
0.559,https://api.spotify.com/v1/audio-analysis/6WSAPEkvEfcEUgSTAo1D3S,0.716,224013,0.474,6WSAPEkvEfcEUgSTAo1D3S,0.0,11,0.135,-6.714,1,0.052,77.811,4,https://api.spotify.com/v1/tracks/6WSAPEkvEfcEUgSTAo1D3S,audio_features,spotify:track:6WSAPEkvEfcEUgSTAo1D3S,0.302
0.677,https://api.spotify.com/v1/audio-analysis/6rg1MBZqggsQ5olFGTw0rr,0.626,212880,0.389,6rg1MBZqggsQ5olFGTw0rr,1.12e-05,4,0.117,-11.609,1,0.0254,97.708,4,https://api.spotify.com/v1/tracks/6rg1MBZqggsQ5olFGTw0rr,audio_features,spotify:track:6rg1MBZqggsQ5olFGTw0rr,0.656
0.278,https://api.spotify.com/v1/audio-analysis/0mAkTqg7vQ8YmpQ7o1I6gR,0.703,213618,0.376,0mAkTqg7vQ8YmpQ7o1I6gR,0.0,6,0.054,-17.772,0,0.0752,140.015,4,https://api.spotify.com/v1/tracks/0mAkTqg7vQ8YmpQ7o1I6gR,audio_features,spotify:track:0mAkTqg7vQ8YmpQ7o1I6gR,0.65
