acousticness,analysis_url,danceability,duration_ms,energy,id,instrumentalness,key,liveness,loudness,mode,speechiness,tempo,time_signature,track_href,type,uri,valence
0.753,https://api.spotify.com/v1/audio-analysis/224EVTFiLsdQignUFLvDeH,0.688,360960,0.62,224EVTFiLsdQignUFLvDeH,5.27e-06,11,0.158,-8.029,0,0.22,170.018,4,https://api.spotify.com/v1/tracks/224EVTFiLsdQignUFLvDeH,audio_features,spotify:track:224EVTFiLsdQignUFLvDeH,0.727
0.11,https://api.spotify.com/v1/audio-analysis/5w9c2J52mkdntKOmRLeM2m,0.737,193227,0.86,5w9c2J52mkdntKOmRLeM2m,1.94e-06,8,0.0574,-2.652,0,0.0593,93.989,4,https://api.spotify.com/v1/tracks/5w9c2J52mkdntKOmRLeM2m,audio_features,spotify:track:5w9c2J52mkdntKOmRLeM2m,0.656
0.0105,https://api.spotify.com/v1/audio-analysis/3tOmzBrWaHg97FKgsqhhEd,0.708,180480,0.761,3tOmzBrWaHg97FKgsqhhEd,8.51e-06,0,0.0462,-3.02,1,0.093,188.124,4,https://api.spotify.com/v1/tracks/3tOmzBrWaHg97FKgsqhhEd,audio_features,spotify:track:3tOmzBrWaHg97FKgsqhhEd,0.71
0.391,https://api.spotify.com/v1/audio-analysis/4lzxJ4jCuFDXXGkE1LmpKR,0.857,267500,0.647,4lzxJ4jCuFDXXGkE1LmpKR,1.2e-06,11,0.0842,-4.152,0,0.0984,95.982,4,https://api.spotify.com/v1/tracks/4lzxJ4jCuFDXXGkE1LmpKR,audio_features,spotify:track:4lzxJ4jCuFDXXGkE1LmpKR,0.553
0.252,https://api.spotify.com/v1/audio-analysis/31UjYv5vLsDkzchJOtUMtW,0.837,184436,0.791,31UjYv5vLsDkzchJOtUMtW,1.14e-06,4,0.188,-3.157,0,0.0773,91.98,4,https://api.spotify.com/v1/tracks/31UjYv5vLsDkzchJOtUMtW,audio_features,spotify:track:31UjYv5vLsDkzchJOtUMtW,0.618
0.602,https://api.spotify.com/v1/audio-analysis/5W83ErFkO3aKAIS1WMi6u0,0.807,258800,0.803,5W83ErFkO3aKAIS1WMi6u0,0.00853,11,0.136,-4.156,1,0.126,91.987,4,https://api.spotify.com/v1/tracks/5W83ErFkO3aKAIS1WMi6u0,audio_features,spotify:track:5W83ErFkO3aKAIS1WMi6u0,0.706
0.146,https://api.spotify.com/v1/audio-analysis/0s5DNDV6LAKn2u2Ufa3VjQ,0.709,204453,0.771,0s5DNDV6LAKn2u2Ufa3VjQ,3.29e-06,7,0.249,-4.598,1,0.166,174.006,4,https://api.spotify.com/v1/tracks/0s5DNDV6LAKn2u2Ufa3VjQ,audio_features,spotify:track:0s5DNDV6LAKn2u2Ufa3VjQ,0.709
0.241,https://api.spotify.com/v1/audio-analysis/6v0lAdFF4haL8xjBIUjtOw,0.673,201818,0.752,6v0lAdFF4haL8xjBIUjtOw,4.51e-05,2,0.0813,-3.572,0,0.0561,175.997,4,https://api.spotify.com/v1/tracks/6v0lAdFF4haL8xjBIUjtOw,audio_features,spotify:track:6v0lAdFF4haL8xjBIUjtOw,0.797
0.113,https://api.spotify.com/v1/audio-analysis/3g4UyIcQwutiG0TfW32GnX,0.805,219302,0.671,3g4UyIcQwutiG0TfW32GnX,0.0,5,0.278,-5.316,1,0.111,90.979,4,https://api.spotify.com/v1/tracks/3g4UyIcQwutiG0TfW32GnX,audio_features,spotify:track:3g4UyIcQwutiG0TfW32GnX,0.522
0.0446,https://api.spotify.com/v1/audio-analysis/059bcIhyc2SBwm6sw2AZzd,0.877,231848,0.777,059bcIhyc2SBwm6sw2AZzd,3.46e-05,1,0.0863,-4.246,1,0.117,102.02,4,https://api.spotify.com/v1/tracks/059bcIhyc2SBwm6sw2AZzd,audio_features,spotify:track:059bcIhyc2SBwm6sw2AZzd,0.706
0.374,https://api.spotify.com/v1/audio-analysis/5KbBGUpIZd6gVFUU8tqYiQ,0.83,237013,0.71,5KbBGUpIZd6gVFUU8tqYiQ,0.0,11,0.0877,-5.523,0,0.326,93.977,4,https://api.spotify.com/v1/tracks/5KbBGUpIZd6gVFUU8tqYiQ,audio_features,spotify:track:5KbBGUpIZd6gVFUU8tqYiQ,0.703
0.323,https://api.spotify.com/v1/audio-analysis/5iwz1NiezX7WWjnCgY5TH4,0.826,238200,0.773,5iwz1NiezX7WWjnCgY5TH4,0.0,11,0.143,-4.218,0,0.0524,126.899,4,https://api.spotify.com/v1/tracks/5iwz1NiezX7WWjnCgY5TH4,audio_features,spotify:track:5iwz1NiezX7WWjnCgY5TH4,0.761
0.148,https://api.spotify.com/v1/audio-analysis/5BDP2tky8oMQJPS33frKVp,0.771,164440,0.382,5BDP2tky8oMQJPS33frKVp,0.0,1,0.104,-6.808,0,0.0514,94.931,4,https://api.spotify.com/v1/tracks/5BDP2tky8oMQJPS33frKVp,audio_features,spotify:track:5BDP2tky8oMQJPS33frKVp,0.535
0.323,https://api.spotify.com/v1/audio-analysis/6FyRXC8tJUh863JCkyWqtk,0.767,258639,0.709,6FyRXC8tJUh863JCkyWqtk,0.0,1,0.0676,-4.47,1,0.336,171.993,4,https://api.spotify.com/v1/tracks/6FyRXC8tJUh863JCkyWqtk,audio_features,spotify:track:6FyRXC8tJUh863JCkyWqtk,0.72
0.0441,https://api.spotify.com/v1/audio-analysis/2ktoFujjJtantyMoVdBJlX,0.724,256418,0.791,2ktoFujjJtantyMoVdBJlX,6.55e-06,7,0.239,-5.411,1,0.169,176.011,4,https://api.spotify.com/v1/tracks/2ktoFujjJtantyMoVdBJlX,audio_features,spotify:track:2ktoFujjJtantyMoVdBJlX,0.856
0.0156,https://api.spotify.com/v1/audio-analysis/3JjaofJ0lCeEsFSZqppzOp,0.828,224681,0.588,3JjaofJ0lCeEsFSZqppzOp,0.0,2,0.124,-7.14,1,0.118,94.052,4,https://api.spotify.com/v1/tracks/3JjaofJ0lCeEsFSZqppzOp,audio_features,spotify:track:3JjaofJ0lCeEsFSZqppzOp,0.598
0.065,https://api.spotify.com/v1/audio-analysis/5O3cRP4ZHC9vvVIHtET1f0,0.563,203667,0.565,5O3cRP4ZHC9vvVIHtET1f0,0.000169,8,0.0855,-5.514,0,0.376,169.841,4,https://api.spotify.com/v1/tracks/5O3cRP4ZHC9vvVIHtET1f0,audio_features,spotify:track:5O3cRP4ZHC9vvVIHtET1f0,0.818
0.39,https://api.spotify.com/v1/audio-analysis/2qG5sZ7Si6sdK74qLxedYM,0.882,161627,0.689,2qG5sZ7Si6sdK74qLxedYM,0.00325,6,0.0501,-4.027,1,0.124,97.963,4,https://api.spotify.com/v1/tracks/2qG5sZ7Si6sdK74qLxedYM,audio_features,spotify:track:2qG5sZ7Si6sdK74qLxedYM,0.746
0.159,https://api.spotify.com/v1/audio-analysis/6Bc48Fgqgb6j4K6JdkZTNk,0.679,219520,0.831,6Bc48Fgqgb6j4K6JdkZTNk,1.1e-06,2,0.097,-1.866,1,0.109,88.792,4,https://api.spotify.com/v1/tracks/6Bc48Fgqgb6j4K6JdkZTNk,audio_features,spotify:track:6Bc48Fgqgb6j4K6JdkZTNk,0.88
0.0361,https://api.spotify.com/v1/audio-analysis/7uH27oIt4a6cIFCA8ZPcyG,0.816,158400,0.754,7uH27oIt4a6cIFCA8ZPcyG,0.0,11,0.217,-2.75,0,0.111,99.966,4,https://api.spotify.com/v1/tracks/7uH27oIt4a6cIFCA8ZPcyG,audio_features,spotify:track:7uH27oIt4a6cIFCA8ZPcyG,0.533
0.437,https://api.spotify.com/v1/audio-analysis/1LiN0Z98FkR1t0m8KmLcAH,0.79,190005,0.631,1LiN0Z98FkR1t0m8KmLcAH,0.0,8,0.158,-5.549,0,0.0425,94.039,4,https://api.spotify.com/v1/tracks/1LiN0Z98FkR1t0m8KmLcAH,audio_features,spotify:track:1LiN0Z98FkR1t0m8KmLcAH,0.889
0.0527,https://api.spotify.com/v1/audio-analysis/4k9byIhs9ppbYWE22waJMB,0.766,201227,0.721,4k9byIhs9ppbYWE22waJMB,0.0,6,0.128,-4.46,0,0.0738,92.001,4,https://api.spotify.com/v1/tracks/4k9byIhs9ppbYWE22waJMB,audio_features,spotify:track:4k9byIhs9ppbYWE22waJMB,0.81
0.265,https://api.spotify.com/v1/audio-analysis/3f5lA8nnc4YYF1qf78WpHw,0.75,219357,0.665,3f5lA8nnc4YYF1qf78WpHw,0.0,8,0.0515,-3.083,1,0.124,95.239,4,https://api.spotify.com/v1/tracks/3f5lA8nnc4YYF1qf78WpHw,audio_features,spotify:track:3f5lA8nnc4YYF1qf78WpHw,0.697
0.327,https://api.spotify.com/v1/audio-analysis/2IA8cFA46DkjgbsRG7kKbp,0.7,235973,0.71,2IA8cFA46DkjgbsRG7kKbp,0.0,11,0.129,-4.835,1,0.0532,167.971,4,https://api.spotify.com/v1/tracks/2IA8cFA46DkjgbsRG7kKbp,audio_features,spotify:track:2IA8cFA46DkjgbsRG7kKbp,0.582
0.154,https://api.spotify.com/v1/audio-analysis/1mT47pKLXUwPYGwB91GcNz,0.715,212493,0.872,1mT47pKLXUwPYGwB91GcNz,0.000146,6,0.11,-3.501,1,0.0547,96.939,4,https://api.spotify.com/v1/tracks/1mT47pKLXUwPYGwB91GcNz,audio_features,spotify:track:1mT47pKLXUwPYGwB91GcNz,0.682
0.483,https://api.spotify.com/v1/audio-analysis/675w3ACw5xZR3ODhUJlEVN,0.704,195044,0.706,675w3ACw5xZR3ODhUJlEVN,0.0,11,0.0965,-5.233,0,0.111,92.965,4,https://api.spotify.com/v1/tracks/675w3ACw5xZR3ODhUJlEVN,audio_features,spotify:track:675w3ACw5xZR3ODhUJlEVN,0.856
0.286,https://api.spotify.com/v1/audio-analysis/1Kjer1JoWuJGNwGV6Pbgv1,0.649,202040,0.502,1Kjer1JoWuJGNwGV6Pbgv1,0.0,5,0.166,-4.368,1,0.0437,87.0,3,https://api.spotify.com/v1/tracks/1Kjer1JoWuJGNwGV6Pbgv1,audio_features,spotify:track:1Kjer1JoWuJGNwGV6Pbgv1,0.695
0.028,https://api.spotify.com/v1/audio-analysis/3mN2DtljBhnrIpc3Nu2pJ8,0.755,202824,0.792,3mN2DtljBhnrIpc3Nu2pJ8,0.0,6,0.0754,-4.238,1,0.0484,106.014,4,https://api.spotify.com/v1/tracks/3mN2DtljBhnrIpc3Nu2pJ8,audio_features,spotify:track:3mN2DtljBhnrIpc3Nu2pJ8,0.844
0.266,https://api.spotify.com/v1/audio-analysis/46lvmzK8wxAy66tjzXXSh0,0.849,264483,0.655,46lvmzK8wxAy66tjzXXSh0,0.0,8,0.0781,-2.899,1,0.106,161.966,4,https://api.spotify.com/v1/tracks/46lvmzK8wxAy66tjzXXSh0,audio_features,spotify:track:46lvmzK8wxAy66tjzXXSh0,0.76
0.291,https://api.spotify.com/v1/audio-analysis/6MJUCumnQsQEKbCy28tbCP,0.788,207853,0.771,6MJUCumnQsQEKbCy28tbCP,5.62e-05,4,0.172,-3.206,0,0.0563,99.038,4,https://api.spotify.com/v1/tracks/6MJUCumnQsQEKbCy28tbCP,audio_features,spotify:track:6MJUCumnQsQEKbCy28tbCP,0.701
0.446,https://api.spotify.com/v1/audio-analysis/4T4CZ3Q4z3GG7lU720YYhM,0.778,213913,0.731,4T4CZ3Q4z3GG7lU720YYhM,0.0,5,0.251,-4.325,1,0.0399,91.991,4,https://api.spotify.com/v1/tracks/4T4CZ3Q4z3GG7lU720YYhM,audio_features,spotify:track:4T4CZ3Q4z3GG7lU720YYhM,0.854
0.0141,https://api.spotify.com/v1/audio-analysis/116H0KvKr2Zl4RPuVBruDO,0.817,210368,0.539,116H0KvKr2Zl4RPuVBruDO,0.000496,6,0.099,-6.349,0,0.0621,97.062,4,https://api.spotify.com/v1/tracks/116H0KvKr2Zl4RPuVBruDO,audio_features,spotify:track:116H0KvKr2Zl4RPuVBruDO,0.158
0.0165,https://api.spotify.com/v1/audio-analysis/2D3z17LBMJ2HEHeBFFjTLi,0.747,158800,0.74,2D3z17LBMJ2HEHeBFFjTLi,9.94e-05,4,0.101,-4.325,0,0.191,176.059,4,https://api.spotify.com/v1/tracks/2D3z17LBMJ2HEHeBFFjTLi,audio_features,spotify:track:2D3z17LBMJ2HEHeBFFjTLi,0.552
0.161,https://api.spotify.com/v1/audio-analysis/5qFeMRz4TvetPmzjre9Dq7,0.684,250840,0.811,5qFeMRz4TvetPmzjre9Dq7,0.000363,7,0.0871,-4.494,1,0.0714,87.866,4,https://api.spotify.com/v1/tracks/5qFeMRz4TvetPmzjre9Dq7,audio_features,spotify:track:5qFeMRz4TvetPmzjre9Dq7,0.721
0.41,https://api.spotify.com/v1/audio-analysis/32lexhcz93AinKK0qLTZaZ,0.799,175200,0.676,32lexhcz93AinKK0qLTZaZ,0.000777,2,0.325,-5.644,1,0.169,104.956,4,https://api.spotify.com/v1/tracks/32lexhcz93AinKK0qLTZaZ,audio_features,spotify:track:32lexhcz93AinKK0qLTZaZ,0.91
0.175,https://api.spotify.com/v1/audio-analysis/04cd1MHVq1D8v1nuTZoCdv,0.823,186316,0.731,04cd1MHVq1D8v1nuTZoCdv,0.0,11,0.131,-3.399,0,0.103,152.024,4,https://api.spotify.com/v1/tracks/04cd1MHVq1D8v1nuTZoCdv,audio_features,spotify:track:04cd1MHVq1D8v1nuTZoCdv,0.952
0.315,https://api.spotify.com/v1/audio-analysis/48zFZh27QU5qsrBjn4C2FA,0.754,176133,0.805,48zFZh27QU5qsrBjn4C2FA,0.0,6,0.203,-4.249,1,0.0752,93.983,4,https://api.spotify.com/v1/tracks/48zFZh27QU5qsrBjn4C2FA,audio_features,spotify:track:48zFZh27QU5qsrBjn4C2FA,0.555
0.292,https://api.spotify.com/v1/audio-analysis/6qP73DRFGojLuIk1siIhNE,0.886,219029,0.701,6qP73DRFGojLuIk1siIhNE,1.16e-05,7,0.0574,-3.504,1,0.141,103.002,4,https://api.spotify.com/v1/tracks/6qP73DRFGojLuIk1siIhNE,audio_features,spotify:track:6qP73DRFGojLuIk1siIhNE,0.823
0.308,https://api.spotify.com/v1/audio-analysis/2Fxmhks0bxGSBdJ92vM42m,0.708,194088,0.418,2Fxmhks0bxGSBdJ92vM42m,0.093,0,0.1,-10.998,1,0.368,131.926,4,https://api.spotify.com/v1/tracks/2Fxmhks0bxGSBdJ92vM42m,audio_features,spotify:track:2Fxmhks0bxGSBdJ92vM42m,0.578
0.616,https://api.spotify.com/v1/audio-analysis/7dNwJbsT0sg1le5kVugGJb,0.8,228493,0.355,7dNwJbsT0sg1le5kVugGJb,0.0,6,0.118,-10.47,0,0.0895,145.929,4,https://api.spotify.com/v1/tracks/7dNwJbsT0sg1le5kVugGJb,audio_features,spotify:track:7dNwJbsT0sg1le5kVugGJb,0.253
0.618,https://api.spotify.com/v1/audio-analysis/3pAwh9JxSJxWyUy3BUBPb4,0.753,202547,0.522,3pAwh9JxSJxWyUy3BUBPb4,5.66e-05,1,0.106,-5.649,0,0.259,174.016,4,https://api.spotify.com/v1/tracks/3pAwh9JxSJxWyUy3BUBPb4,audio_features,spotify:track:3pAwh9JxSJxWyUy3BUBPb4,0.651
0.16,https://api.spotify.com/v1/audio-analysis/0VKkyBKCXyR99navhVRqcP,0.769,249609,0.838,0VKkyBKCXyR99navhVRqcP,0.0,2,0.0935,-5.238,1,0.0633,93.996,4,https://api.spotify.com/v1/tracks/0VKkyBKCXyR99navhVRqcP,audio_features,spotify:track:0VKkyBKCXyR99navhVRqcP,0.602
0.404,https://api.spotify.com/v1/audio-analysis/1WSGTYKLEpKfNQYYW5Oymt,0.541,158027,0.468,1WSGTYKLEpKfNQYYW5Oymt,3.65e-06,10,0.358,-4.039,0,0.362,95.266,4,https://api.spotify.com/v1/tracks/1WSGTYKLEpKfNQYYW5Oymt,audio_features,spotify:track:1WSGTYKLEpKfNQYYW5Oymt,0.69
0.592,https://api.spotify.com/v1/audio-analysis/6ocbgoVGwYJhOv1GgI9NsF,0.778,178627,0.317,6ocbgoVGwYJhOv1GgI9NsF,0.0,1,0.0881,-10.732,0,0.334,140.048,4,https://api.spotify.com/v1/tracks/6ocbgoVGwYJhOv1GgI9NsF,audio_features,spotify:track:6ocbgoVGwYJhOv1GgI9NsF,0.327
0.124,https://api.spotify.com/v1/audio-analysis/6ayCEojiJIe5d8DwXVlGU4,0.816,222483,0.733,6ayCEojiJIe5d8DwXVlGU4,0.0,0,0.0812,-6.587,1,0.0448,93.022,4,https://api.spotify.com/v1/tracks/6ayCEojiJIe5d8DwXVlGU4,audio_features,spotify:track:6ayCEojiJIe5d8DwXVlGU4,0.571
0.048,https://api.spotify.com/v1/audio-analysis/7uQmJ1jgNzBpATSoWKSPFu,0.632,198933,0.832,7uQmJ1jgNzBpATSoWKSPFu,0.0,7,0.0705,-1.948,0,0.154,182.184,4,https://api.spotify.com/v1/tracks/7uQmJ1jgNzBpATSoWKSPFu,audio_features,spotify:track:7uQmJ1jgNzBpATSoWKSPFu,0.784
0.0125,https://api.spotify.com/v1/audio-analysis/7vFmnmcsp41uzBUiw1zxfw,0.727,168521,0.85,7vFmnmcsp41uzBUiw1zxfw,0.0,5,0.102,-5.728,1,0.0586,129.972,4,https://api.spotify.com/v1/tracks/7vFmnmcsp41uzBUiw1zxfw,audio_features,spotify:track:7vFmnmcsp41uzBUiw1zxfw,0.796
0.271,https://api.spotify.com/v1/audio-analysis/4u7EnebtmKWzUH433cf5Qv,0.414,354320,0.404,4u7EnebtmKWzUH433cf5Qv,0.0,0,0.3,-9.928,0,0.0499,71.105,4,https://api.spotify.com/v1/tracks/4u7EnebtmKWzUH433cf5Qv,audio_features,spotify:track:4u7EnebtmKWzUH433cf5Qv,0.224
0.153,https://api.spotify.com/v1/audio-analysis/4w8niZpiMy6qz1mntFA5uM,0.841,212500,0.798,4w8niZpiMy6qz1mntFA5uM,3.33e-06,1,0.0618,-4.206,0,0.229,95.948,4,https://api.spotify.com/v1/tracks/4w8niZpiMy6qz1mntFA5uM,audio_features,spotify:track:4w8niZpiMy6qz1mntFA5uM,0.591
0.199,https://api.spotify.com/v1/audio-analysis/4VTTpwcAxVSQNzEZLi75d0,0.743,202893,0.795,4VTTpwcAxVSQNzEZLi75d0,0.0,11,0.0577,-5.733,1,0.0732,95.003,4,https://api.spotify.com/v1/tracks/4VTTpwcAxVSQNzEZLi75d0,audio_features,spotify:track:4VTTpwcAxVSQNzEZLi75d0,0.682
0.184,https://api.spotify.com/v1/audio-analysis/7BuHdm4lQqcyG3qTwdkxus,0.8,226200,0.74,7BuHdm4lQqcyG3qTwdkxus,0.0,10,0.0558,-4.52,0,0.0479,90.035,4,https://api.spotify.com/v1/tracks/7BuHdm4lQqcyG3qTwdkxus,audio_features,spotify:track:7BuHdm4lQqcyG3qTwdkxus,0.775
0.279,https://api.spotify.com/v1/audio-analysis/6q8Lb50EtqNeeJXXe8mMAH,0.728,226627,0.801,6q8Lb50EtqNeeJXXe8mMAH,4.71e-06,8,0.143,-2.942,0,0.0683,130.059,4,https://api.spotify.com/v1/tracks/6q8Lb50EtqNeeJXXe8mMAH,audio_features,spotify:track:6q8Lb50EtqNeeJXXe8mMAH,0.416
0.178,https://api.spotify.com/v1/audio-analysis/2swZ0X1njeU32SNJeBKIfW,0.77,256440,0.775,2swZ0X1njeU32SNJeBKIfW,0.0,8,0.0651,-4.65,0,0.0349,124.015,4,https://api.spotify.com/v1/tracks/2swZ0X1njeU32SNJeBKIfW,audio_features,spotify:track:2swZ0X1njeU32SNJeBKIfW,0.848
0.178,https://api.spotify.com/v1/audio-analysis/3tRtlS9YUyYqVgqO3iM4bW,0.605,225366,0.728,3tRtlS9YUyYqVgqO3iM4bW,0.0,0,0.0344,-5.653,1,0.196,163.805,4,https://api.spotify.com/v1/tracks/3tRtlS9YUyYqVgqO3iM4bW,audio_features,spotify:track:3tRtlS9YUyYqVgqO3iM4bW,0.664
0.213,https://api.spotify.com/v1/audio-analysis/4vK8Kvyw1mabkMXJqbZOZT,0.594,253333,0.789,4vK8Kvyw1mabkMXJqbZOZT,0.0,9,0.0732,-4.469,1,0.0522,179.95,4,https://api.spotify.com/v1/tracks/4vK8Kvyw1mabkMXJqbZOZT,audio_features,spotify:track:4vK8Kvyw1mabkMXJqbZOZT,0.576
0.94,https://api.spotify.com/v1/audio-analysis/3RD0PGolM0mETGHaprwgMn,0.573,233930,0.31,3RD0PGolM0mETGHaprwgMn,5.65e-06,3,0.198,-11.134,1,0.296,177.601,4,https://api.spotify.com/v1/tracks/3RD0PGolM0mETGHaprwgMn,audio_features,spotify:track:3RD0PGolM0mETGHaprwgMn,0.764
0.0482,https://api.spotify.com/v1/audio-analysis/1j6xOGusnyXq3l6IryKF3G,0.681,220117,0.788,1j6xOGusnyXq3l6IryKF3G,0.0,1,0.0753,-4.323,1,0.0785,170.019,4,https://api.spotify.com/v1/tracks/1j6xOGusnyXq3l6IryKF3G,audio_features,spotify:track:1j6xOGusnyXq3l6IryKF3G,0.839
0.19,https://api.spotify.com/v1/audio-analysis/08aYFNUTIOMGq93e2VSArQ,0.77,225600,0.75,08aYFNUTIOMGq93e2VSArQ,0.0,0,0.0618,-2.715,1,0.0785,99.997,4,https://api.spotify.com/v1/tracks/08aYFNUTIOMGq93e2VSArQ,audio_features,spotify:track:08aYFNUTIOMGq93e2VSArQ,0.609
0.45,https://api.spotify.com/v1/audio-analysis/6Qs4SXO9dwPj5GKvVOv8Ki,0.741,171030,0.52,6Qs4SXO9dwPj5GKvVOv8Ki,1.97e-06,8,0.222,-7.513,1,0.0656,102.998,4,https://api.spotify.com/v1/tracks/6Qs4SXO9dwPj5GKvVOv8Ki,audio_features,spotify:track:6Qs4SXO9dwPj5GKvVOv8Ki,0.347
0.657,https://api.spotify.com/v1/audio-analysis/3T5QSIgoaPIh07SwixRDp7,0.618,273198,0.743,3T5QSIgoaPIh07SwixRDp7,5.95e-06,6,0.143,-2.576,0,0.141,180.021,4,https://api.spotify.com/v1/tracks/3T5QSIgoaPIh07SwixRDp7,audio_features,spotify:track:3T5QSIgoaPIh07SwixRDp7,0.589
0.383,https://api.spotify.com/v1/audio-analysis/7kuRvjpeUcn6qNV9IBXC2C,0.73,304859,0.648,7kuRvjpeUcn6qNV9IBXC2C,0.000112,1,0.103,-6.405,0,0.378,187.991,4,https://api.spotify.com/v1/tracks/7kuRvjpeUcn6qNV9IBXC2C,audio_features,spotify:track:7kuRvjpeUcn6qNV9IBXC2C,0.675
0.104,https://api.spotify.com/v1/audio-analysis/7gL0eIncXB5ELO8BFMR3Uv,0.846,214413,0.848,7gL0eIncXB5ELO8BFMR3Uv,0.0,5,0.0837,-4.752,1,0.121,91.971,4,https://api.spotify.com/v1/tracks/7gL0eIncXB5ELO8BFMR3Uv,audio_features,spotify:track:7gL0eIncXB5ELO8BFMR3Uv,0.553
0.254,https://api.spotify.com/v1/audio-analysis/1h9P5WJwyvK8OB7O2YiXgp,0.691,200747,0.71,1h9P5WJwyvK8OB7O2YiXgp,0.0,5,0.108,-5.144,1,0.334,192.046,4,https://api.spotify.com/v1/tracks/1h9P5WJwyvK8OB7O2YiXgp,audio_features,spotify:track:1h9P5WJwyvK8OB7O2YiXgp,0.726
0.307,https://api.spotify.com/v1/audio-analysis/2XXMDz7SPZ4mSFN1PXfHUy,0.772,254383,0.732,2XXMDz7SPZ4mSFN1PXfHUy,5.14e-06,9,0.106,-3.713,0,0.213,100.048,4,https://api.spotify.com/v1/tracks/2XXMDz7SPZ4mSFN1PXfHUy,audio_features,spotify:track:2XXMDz7SPZ4mSFN1PXfHUy,0.295
0.363,https://api.spotify.com/v1/audio-analysis/1DcxnVNFAyVl2sDQ646pXS,0.786,129040,0.65,1DcxnVNFAyVl2sDQ646pXS,8.17e-05,4,0.122,-6.839,1,0.109,92.975,4,https://api.spotify.com/v1/tracks/1DcxnVNFAyVl2sDQ646pXS,audio_features,spotify:track:1DcxnVNFAyVl2sDQ646pXS,0.712
0.0427,https://api.spotify.com/v1/audio-analysis/4y3OI86AEP6PQoDE6olYhO,0.842,181040,0.734,4y3OI86AEP6PQoDE6olYhO,0.0,1,0.106,-5.065,0,0.0588,137.958,4,https://api.spotify.com/v1/tracks/4y3OI86AEP6PQoDE6olYhO,audio_features,spotify:track:4y3OI86AEP6PQoDE6olYhO,0.952
0.504,https://api.spotify.com/v1/audio-analysis/4AKWHLChPxYdXAB2cHmZB7,0.758,208000,0.699,4AKWHLChPxYdXAB2cHmZB7,0.0,6,0.0922,-5.636,1,0.171,90.013,4,https://api.spotify.com/v1/tracks/4AKWHLChPxYdXAB2cHmZB7,audio_features,spotify:track:4AKWHLChPxYdXAB2cHmZB7,0.594
0.371,https://api.spotify.com/v1/audio-analysis/2VxeLyX666F8uXCJ0dZF8B,0.572,215733,0.385,2VxeLyX666F8uXCJ0dZF8B,0.0,7,0.231,-6.362,1,0.0308,95.799,4,https://api.spotify.com/v1/tracks/2VxeLyX666F8uXCJ0dZF8B,audio_features,spotify:track:2VxeLyX666F8uXCJ0dZF8B,0.323
0.458,https://api.spotify.com/v1/audio-analysis/4DbhxwlkhTbCTqlZptxmI6,0.729,155058,0.616,4DbhxwlkhTbCTqlZptxmI6,0.0,8,0.082,-6.422,1,0.249,106.486,4,https://api.spotify.com/v1/tracks/4DbhxwlkhTbCTqlZptxmI6,audio_features,spotify:track:4DbhxwlkhTbCTqlZptxmI6,0.532
0.133,https://api.spotify.com/v1/audio-analysis/71iAechwVKGu26pahzFL0k,0.806,219587,0.778,71iAechwVKGu26pahzFL0k,0.0,1,0.218,-4.577,0,0.0616,95.993,4,https://api.spotify.com/v1/tracks/71iAechwVKGu26pahzFL0k,audio_features,spotify:track:71iAechwVKGu26pahzFL0k,0.84
0.0231,https://api.spotify.com/v1/audio-analysis/6ifUES3keWjwXgae8pXI3o,0.744,205715,0.804,6ifUES3keWjwXgae8pXI3o,0.0,1,0.0494,-6.327,1,0.0677,104.823,4,https://api.spotify.com/v1/tracks/6ifUES3keWjwXgae8pXI3o,audio_features,spotify:track:6ifUES3keWjwXgae8pXI3o,0.426
0.354,https://api.spotify.com/v1/audio-analysis/6xAhkN7uE1qdhPa8jZwhTb,0.458,192987,0.705,6xAhkN7uE1qdhPa8jZwhTb,0.0,0,0.0893,-5.281,1,0.116,188.048,4,https://api.spotify.com/v1/tracks/6xAhkN7uE1qdhPa8jZwhTb,audio_features,spotify:track:6xAhkN7uE1qdhPa8jZwhTb,0.594
0.581,https://api.spotify.com/v1/audio-analysis/7qiZfU4dY1lWllzX7mPBI3,0.825,233713,0.652,7qiZfU4dY1lWllzX7mPBI3,0.0,1,0.0931,-3.183,0,0.0802,95.977,4,https://api.spotify.com/v1/tracks/7qiZfU4dY1lWllzX7mPBI3,audio_features,spotify:track:7qiZfU4dY1lWllzX7mPBI3,0.931
0.00796,https://api.spotify.com/v1/audio-analysis/5Lb1pjnll07UQKxNpnnGBy,0.787,181587,0.751,5Lb1pjnll07UQKxNpnnGBy,0.000139,6,0.0857,-4.738,0,0.0865,165.961,4,https://api.spotify.com/v1/tracks/5Lb1pjnll07UQKxNpnnGBy,audio_features,spotify:track:5Lb1pjnll07UQKxNpnnGBy,0.926
0.126,https://api.spotify.com/v1/audio-analysis/1mlGScrDQqHqmhdIqE8MmA,0.69,231533,0.973,1mlGScrDQqHqmhdIqE8MmA,0.0,2,0.101,-3.588,1,0.0492,143.957,4,https://api.spotify.com/v1/tracks/1mlGScrDQqHqmhdIqE8MmA,audio_features,spotify:track:1mlGScrDQqHqmhdIqE8MmA,0.772
0.589,https://api.spotify.com/v1/audio-analysis/59PYgzOiOjGDzjDT5N5oOX,0.825,327467,0.69,59PYgzOiOjGDzjDT5N5oOX,0.0,10,0.413,-4.252,0,0.226,94.194,4,https://api.spotify.com/v1/tracks/59PYgzOiOjGDzjDT5N5oOX,audio_features,spotify:track:59PYgzOiOjGDzjDT5N5oOX,0.516
0.0626,https://api.spotify.com/v1/audio-analysis/35wvL50xvKpCHEJPxLOLPI,0.672,169248,0.594,35wvL50xvKpCHEJPxLOLPI,5.14e-05,1,0.152,-6.813,0,0.0789,171.854,4,https://api.spotify.com/v1/tracks/35wvL50xvKpCHEJPxLOLPI,audio_features,spotify:track:35wvL50xvKpCHEJPxLOLPI,0.158
0.201,https://api.spotify.com/v1/audio-analysis/7Eso5mURNFprb5PmhOXDlf,0.762,195493,0.74,7Eso5mURNFprb5PmhOXDlf,0.0,1,0.275,-4.72,0,0.226,167.881,4,https://api.spotify.com/v1/tracks/7Eso5mURNFprb5PmhOXDlf,audio_features,spotify:track:7Eso5mURNFprb5PmhOXDlf,0.961
0.0859,https://api.spotify.com/v1/audio-analysis/0Ek2vjTPwy3fXKQnsXy8MH,0.757,206968,0.824,0Ek2vjTPwy3fXKQnsXy8MH,0.0,7,0.165,-2.657,1,0.134,174.065,4,https://api.spotify.com/v1/tracks/0Ek2vjTPwy3fXKQnsXy8MH,audio_features,spotify:track:0Ek2vjTPwy3fXKQnsXy8MH,0.495
0.0204,https://api.spotify.com/v1/audio-analysis/2RVrdr062uLFxXwIxwdXPH,0.849,201122,0.724,2RVrdr062uLFxXwIxwdXPH,5.98e-06,5,0.235,-4.139,1,0.0665,98.005,4,https://api.spotify.com/v1/tracks/2RVrdr062uLFxXwIxwdXPH,audio_features,spotify:track:2RVrdr062uLFxXwIxwdXPH,0.63
0.314,https://api.spotify.com/v1/audio-analysis/4pUCKHjJ4Ijewc37rRrvHn,0.755,189052,0.858,4pUCKHjJ4Ijewc37rRrvHn,0.00318,2,0.301,-4.119,1,0.198,132.082,4,https://api.spotify.com/v1/tracks/4pUCKHjJ4Ijewc37rRrvHn,audio_features,spotify:track:4pUCKHjJ4Ijewc37rRrvHn,0.57
0.19,https://api.spotify.com/v1/audio-analysis/2VRVV7cvAGPJ2EBU4FIVCz,0.679,228760,0.617,2VRVV7cvAGPJ2EBU4FIVCz,0.0,0,0.0798,-5.328,1,0.12,189.993,4,https://api.spotify.com/v1/tracks/2VRVV7cvAGPJ2EBU4FIVCz,audio_features,spotify:track:2VRVV7cvAGPJ2EBU4FIVCz,0.665
0.0826,https://api.spotify.com/v1/audio-analysis/0JcNysfWVWaMS7R6vzGB2k,0.742,194742,0.858,0JcNysfWVWaMS7R6vzGB2k,0.0,10,0.364,-4.946,1,0.0483,95.049,4,https://api.spotify.com/v1/tracks/0JcNysfWVWaMS7R6vzGB2k,audio_features,spotify:track:0JcNysfWVWaMS7R6vzGB2k,0.64
0.303,https://api.spotify.com/v1/audio-analysis/4CbANooTL2aTHzJZqQ0Uvk,0.79,192000,0.858,4CbANooTL2aTHzJZqQ0Uvk,0.0,2,0.61,-2.78,1,0.0471,92.05,4,https://api.spotify.com/v1/tracks/4CbANooTL2aTHzJZqQ0Uvk,audio_features,spotify:track:4CbANooTL2aTHzJZqQ0Uvk,0.79
0.148,https://api.spotify.com/v1/audio-analysis/0NCMHQFpWVDK199pKR2Y7V,0.729,166400,0.805,0NCMHQFpWVDK199pKR2Y7V,0.0,7,0.277,-4.527,1,0.214,175.93,4,https://api.spotify.com/v1/tracks/0NCMHQFpWVDK199pKR2Y7V,audio_features,spotify:track:0NCMHQFpWVDK199pKR2Y7V,0.867
0.185,https://api.spotify.com/v1/audio-analysis/0NKoPGc72yUKTIneVhFfg1,0.786,200293,0.695,0NKoPGc72yUKTIneVhFfg1,0.0,1,0.123,-5.343,0,0.353,97.957,4,https://api.spotify.com/v1/tracks/0NKoPGc72yUKTIneVhFfg1,audio_features,spotify:track:0NKoPGc72yUKTIneVhFfg1,0.591
0.542,https://api.spotify.com/v1/audio-analysis/3V8UKqhEK5zBkBb6d6ub8i,0.903,417920,0.675,3V8UKqhEK5zBkBb6d6ub8i,1.28e-05,11,0.0595,-3.445,0,0.214,96.507,4,https://api.spotify.com/v1/tracks/3V8UKqhEK5zBkBb6d6ub8i,audio_features,spotify:track:3V8UKqhEK5zBkBb6d6ub8i,0.442
0.101,https://api.spotify.com/v1/audio-analysis/6WkJ2OK163XXS2oARUC9JM,0.72,198053,0.741,6WkJ2OK163XXS2oARUC9JM,1.41e-05,10,0.289,-6.529,0,0.0287,119.896,4,https://api.spotify.com/v1/tracks/6WkJ2OK163XXS2oARUC9JM,audio_features,spotify:track:6WkJ2OK163XXS2oARUC9JM,0.357
0.287,https://api.spotify.com/v1/audio-analysis/4uP3pUP18ennmz0tb3GphR,0.743,197968,0.73,4uP3pUP18ennmz0tb3GphR,8.1e-05,10,0.0778,-4.314,0,0.125,179.972,4,https://api.spotify.com/v1/tracks/4uP3pUP18ennmz0tb3GphR,audio_features,spotify:track:4uP3pUP18ennmz0tb3GphR,0.15
0.568,https://api.spotify.com/v1/audio-analysis/7fa9MBXhVfQ8P8Df9OEbD8,0.851,235545,0.541,7fa9MBXhVfQ8P8Df9OEbD8,0.0,0,0.13,-6.825,1,0.0505,124.959,4,https://api.spotify.com/v1/tracks/7fa9MBXhVfQ8P8Df9OEbD8,audio_features,spotify:track:7fa9MBXhVfQ8P8Df9OEbD8,0.448
0.127,https://api.spotify.com/v1/audio-analysis/4cuGZb0iFyHtwaSKdKrJkF,0.783,164533,0.738,4cuGZb0iFyHtwaSKdKrJkF,0.0,11,0.127,-4.078,1,0.0741,90.976,4,https://api.spotify.com/v1/tracks/4cuGZb0iFyHtwaSKdKrJkF,audio_features,spotify:track:4cuGZb0iFyHtwaSKdKrJkF,0.925
0.0431,https://api.spotify.com/v1/audio-analysis/6ipp8Dhs33KinlF4BStgca,0.809,209227,0.899,6ipp8Dhs33KinlF4BStgca,0.0,9,0.171,-1.098,0,0.103,95.016,4,https://api.spotify.com/v1/tracks/6ipp8Dhs33KinlF4BStgca,audio_features,spotify:track:6ipp8Dhs33KinlF4BStgca,0.733
0.0119,https://api.spotify.com/v1/audio-analysis/5N5k9nd479b1xpDZ4usjrg,0.781,213309,0.768,5N5k9nd479b1xpDZ4usjrg,4.91e-06,11,0.325,-5.991,1,0.0394,123.07,4,https://api.spotify.com/v1/tracks/5N5k9nd479b1xpDZ4usjrg,audio_features,spotify:track:5N5k9nd479b1xpDZ4usjrg,0.486
0.0481,https://api.spotify.com/v1/audio-analysis/2zDj4WjbNDmrRL6Z4YjjCA,0.686,227476,0.807,2zDj4WjbNDmrRL6Z4YjjCA,0.0,1,0.0652,-3.324,1,0.0613,183.971,4,https://api.spotify.com/v1/tracks/2zDj4WjbNDmrRL6Z4YjjCA,audio_features,spotify:track:2zDj4WjbNDmrRL6Z4YjjCA,0.63
0.0275,https://api.spotify.com/v1/audio-analysis/6o8ogTrSX8H0F66Pdz3Tsc,0.804,218470,0.705,6o8ogTrSX8H0F66Pdz3Tsc,0.000138,1,0.202,-5.272,1,0.199,103.009,4,https://api.spotify.com/v1/tracks/6o8ogTrSX8H0F66Pdz3Tsc,audio_features,spotify:track:6o8ogTrSX8H0F66Pdz3Tsc,0.45
0.372,https://api.spotify.com/v1/audio-analysis/0FDMH2ahuIVzCybwHJK9zh,0.773,187125,0.57,0FDMH2ahuIVzCybwHJK9zh,0.00524,8,0.108,-3.482,1,0.113,95.038,4,https://api.spotify.com/v1/tracks/0FDMH2ahuIVzCybwHJK9zh,audio_features,spotify:track:0FDMH2ahuIVzCybwHJK9zh,0.772
0.188,https://api.spotify.com/v1/audio-analysis/2YRvdf9cdS88y1wB1WhKoE,0.796,204631,0.911,2YRvdf9cdS88y1wB1WhKoE,0.0,1,0.499,-1.998,1,0.285,180.128,4,https://api.spotify.com/v1/tracks/2YRvdf9cdS88y1wB1WhKoE,audio_features,spotify:track:2YRvdf9cdS88y1wB1WhKoE,0.918
0.31,https://api.spotify.com/v1/audio-analysis/62o8KoI44JfN7aYxgTnPvh,0.749,183753,0.752,62o8KoI44JfN7aYxgTnPvh,0.0,6,0.232,-4.883,1,0.345,180.049,4,https://api.spotify.com/v1/tracks/62o8KoI44JfN7aYxgTnPvh,audio_features,spotify:track:62o8KoI44JfN7aYxgTnPvh,0.901
0.14,https://api.spotify.com/v1/audio-analysis/3IyPnNX142pvWx6D5CiimD,0.8,235424,0.681,3IyPnNX142pvWx6D5CiimD,0.0,2,0.0831,-4.076,1,0.0912,92.027,4,https://api.spotify.com/v1/tracks/3IyPnNX142pvWx6D5CiimD,audio_features,spotify:track:3IyPnNX142pvWx6D5CiimD,0.637
0.191,https://api.spotify.com/v1/audio-analysis/2dpaYNEQHiRxtZbfNsse99,0.687,214290,0.792,2dpaYNEQHiRxtZbfNsse99,0.0,5,0.167,-2.749,1,0.0452,100.015,4,https://api.spotify.com/v1/tracks/2dpaYNEQHiRxtZbfNsse99,audio_features,spotify:track:2dpaYNEQHiRxtZbfNsse99,0.671
